planta,registros,cumplimiento_pct,DBO_salida_promedio,eficiencia_DBO_promedio,caudal_promedio,energia_promedio,lodos_promedio
Planta Centro,75,22.666666666666664,35.90133333333333,87.51311037693613,5112.72,1260.8546666666668,433.0106666666667
Planta Norte,71,16.901408450704224,36.56056338028169,86.64678408152118,5287.87323943662,1299.3084507042254,450.4718309859155
Planta Sur,54,29.629629629629626,36.0574074074074,87.09586445798402,4684.518518518518,1193.775925925926,394.44074074074075
